city,country,latitude,longitude,max_temp,humidity,windspeed,cloudiness
Camacha,PT,33.08,-16.33,71.6,68,5.82,20
Mataura,NZ,-46.19,168.86,50.0,92,10.0,94
Hobart,AU,-42.88,147.33,60.01,58,4.83,75
Manacor,ES,39.57,3.21,72.0,88,3.53,20
Sao Jose da Coroa Grande,BR,-8.9,-35.15,70.78,85,5.1,0
Barrow,AR,-38.31,-60.23,58.48,55,13.56,0
Levelland,US,33.59,-102.38,93.99,36,12.75,40
Ambon,FR,47.55,-2.56,62.6,93,9.17,90
Morondava,MG,-20.3,44.28,74.94,72,5.91,0
Rikitea,PF,-23.12,-134.97,71.46,68,7.99,100
Ogden,US,41.22,-111.97,80.6,23,9.17,1
Alta Floresta,BR,-9.87,-56.08,91.4,46,1.12,20
Port Alfred,ZA,-33.59,26.89,61.0,77,4.83,0
Ongandjera,NA,-17.88,15.07,72.16,31,11.72,0
Bastia,IT,44.6,8.98,69.8,77,4.7,75
New Norfolk,AU,-42.78,147.06,60.01,58,4.83,75
Mabay,CU,20.35,-76.78,77.0,94,12.75,75
Ugoofaaru,MV,5.67,73.0,83.02,70,7.58,100
Ponta do Sol,BR,-20.63,-46.0,62.82,97,3.47,100
Severo-Kurilsk,RU,50.68,156.12,45.88,82,29.1,100
Kapaa,US,22.08,-159.32,87.8,74,11.41,75
Horasan,TR,40.04,42.16,54.96,45,5.79,10
Esperance,AU,-33.86,121.89,51.8,100,4.7,75
Taltal,CL,-25.41,-70.49,57.21,71,5.88,0
Dunedin,NZ,-45.87,170.5,51.01,69,30.0,71
Victor Harbor,AU,-35.55,138.62,61.0,38,5.82,0
Eldorado,BR,-24.52,-48.11,65.76,86,3.0,20
Punta Arenas,CL,-53.16,-70.91,51.8,62,19.46,0
Daru,PG,-9.07,143.21,75.01,90,9.22,100
Atuona,PF,-9.8,-139.03,79.81,74,16.87,95
Lazaro Cardenas,MX,28.39,-105.62,82.4,42,8.05,40
Montepuez,MZ,-13.13,39.0,67.59,55,9.71,7
Kasempa,ZM,-13.46,25.83,65.2,49,10.58,17
Kjollefjord,NO,70.95,27.35,46.4,100,8.05,75
Vardo,US,39.62,-77.74,82.99,42,6.93,40
Puerto Ayora,EC,-0.74,-90.35,77.0,65,14.99,75
Jieshi,CN,22.82,115.83,77.0,77,2.75,0
Bluff,AU,-23.58,149.07,61.8,86,10.94,7
Talcahuano,CL,-36.72,-73.12,55.4,87,4.7,75
Katherine,AU,-14.47,132.26,69.8,77,2.71,0
Iqaluit,CA,63.75,-68.52,39.2,80,9.17,20
Mar del Plata,AR,-46.43,-67.52,63.42,29,19.6,80
Curup,ID,-3.47,102.53,65.0,91,4.03,67
Tuktoyaktuk,CA,69.44,-133.03,37.4,86,21.92,75
Hilo,US,19.71,-155.08,87.8,62,9.17,40
Homer,US,59.64,-151.54,53.6,70,6.93,1
Marawi,PH,8.0,124.29,75.0,90,7.0,2
San Patricio,PY,-26.98,-56.83,73.98,50,4.92,0
Vallenar,CL,-28.58,-70.76,62.75,45,9.89,0
Bambous Virieux,MU,-20.34,57.76,73.4,88,6.93,40
Tiarei,PF,-17.53,-149.33,84.2,66,9.17,20
Nikolskoye,RU,59.7,30.79,48.0,81,4.47,90
Clyde River,CA,70.47,-68.59,39.2,93,10.29,20
Ouesso,CG,1.61,16.05,72.25,88,2.53,87
Anju,KP,39.62,125.66,62.14,87,4.81,100
San Francisco del Mar,MX,16.34,-94.51,91.82,55,1.74,34
Codrington,AU,-28.95,153.24,66.99,93,4.74,90
Praxedis Guerrero,MX,31.37,-106.02,91.4,21,6.93,1
Nanortalik,GL,60.14,-45.24,42.55,77,0.81,0
Busselton,AU,-33.64,115.35,51.01,68,13.89,0
Balkhash,KZ,46.84,74.98,60.5,46,8.05,100
Cape Town,ZA,-33.93,18.42,71.01,72,3.36,0
Kavaratti,IN,10.57,72.64,80.1,82,16.33,100
Cabo San Lucas,MX,22.89,-109.91,90.0,58,12.75,5
Vrangel,RU,42.73,133.08,53.41,87,3.06,63
Ushuaia,AR,-54.81,-68.31,48.2,61,6.93,40
Sinnamary,GF,5.38,-52.96,82.93,75,11.68,20
Am Timan,TD,11.04,20.28,74.27,91,5.37,100
Mingaora,PK,34.78,72.36,63.63,79,4.41,9
Lebu,ET,8.96,38.73,54.06,80,4.61,26
Saint George,GR,39.45,22.34,68.0,88,6.06,20
Hithadhoo,MV,-0.6,73.08,81.83,80,21.16,100
Cherskiy,RU,68.75,161.3,30.73,54,4.34,99
Belyy Yar,RU,53.6,91.39,39.2,86,3.06,0
Arraial do Cabo,BR,-22.97,-42.02,68.0,94,8.05,90
Tautira,PF,-17.73,-149.15,84.2,66,9.17,20
Dikson,RU,73.51,80.55,34.96,92,8.28,100
Beloha,MG,-25.17,45.06,67.47,78,20.07,82
Lermontovka,RU,47.15,134.34,44.08,79,5.68,0
Charlestown,US,41.38,-71.64,75.2,83,20.8,90
Taybad,IR,34.74,60.78,69.45,18,3.89,0
Hermanus,ZA,-34.42,19.24,71.01,45,5.01,0
Harper,US,30.3,-99.24,96.8,30,9.17,1
Half Moon Bay,US,37.46,-122.43,84.0,68,18.34,1
Hasaki,JP,35.73,140.83,64.4,100,1.12,20
Tasiilaq,GL,65.61,-37.64,39.2,86,13.87,44
Kavieng,PG,-2.57,150.8,84.03,74,12.46,18
Almaznyy,RU,48.03,40.04,50.0,87,8.95,40
Caravelas,BR,-17.73,-39.27,75.26,79,10.56,28
Presidencia Roque Saenz Pena,AR,-26.79,-60.44,82.68,31,6.33,0
Provideniya,RU,64.42,-173.23,48.2,93,17.9,90
Santa Cruz,BR,-6.22,-36.02,77.91,54,18.45,5
Razole,IN,16.48,81.84,77.62,94,4.88,93
Husavik,CA,50.56,-96.99,53.01,76,7.29,100
Lorengau,PG,-2.02,147.27,80.62,82,8.28,17
Ilulissat,GL,69.22,-51.1,42.8,26,18.34,20
Khatanga,RU,71.98,102.47,32.67,97,9.48,100
Bethel,US,60.79,-161.76,48.2,81,16.11,90
Quatre Cocos,MU,-20.21,57.76,73.4,88,6.93,40
Lingyuan,CN,41.24,119.4,55.48,52,3.4,0
Guerrero Negro,MX,27.97,-114.04,67.88,74,9.57,29
Kuusamo,FI,65.96,29.19,41.0,93,4.7,90
Qaanaaq,GL,77.48,-69.36,30.13,97,14.5,100
Chuy,UY,-33.69,-53.46,57.91,69,8.88,54
Georgetown,GY,6.8,-58.16,84.2,74,9.17,20
Oroquieta,PH,8.49,123.8,73.59,89,2.59,0
Saldanha,PT,41.42,-6.55,63.56,56,3.31,0
Saskylakh,RU,71.97,114.09,30.46,97,6.13,91
Dunda,IN,30.62,78.32,64.84,97,1.86,94
Hami,CN,42.84,93.51,71.32,24,12.33,19
Gornopravdinsk,RU,60.06,69.92,32.28,94,7.63,75
Pinczow,PL,50.52,20.53,57.99,91,1.01,66
Karanpura,IN,29.1,75.09,84.69,62,12.97,0
Albany,US,42.65,-73.75,63.0,93,2.77,90
Hibbing,US,47.43,-92.94,62.6,51,12.75,40
Airai,TL,-8.93,125.41,67.47,77,4.07,0
Butaritari,KI,3.07,172.79,83.7,74,11.74,43
Sitka,US,37.17,-99.65,71.01,74,5.01,100
Port Augusta,AU,-32.49,137.76,62.01,53,9.17,1
Izhma,RU,65.01,53.91,35.08,94,7.54,100
Turinsk,RU,58.04,63.7,31.12,95,7.72,58
Neiafu,TO,-18.65,-173.98,77.0,69,9.17,75
Trincomalee,LK,8.58,81.23,75.37,84,2.37,100
Geraldton,CA,49.72,-86.95,55.4,50,13.87,75
Mbanza-Ngungu,CD,-5.25,14.87,76.65,74,7.92,35
Balabac,PH,7.99,117.06,80.7,83,7.54,21
Lavrentiya,RU,65.58,-170.99,35.23,94,14.81,100
Avarua,CK,-21.21,-159.78,78.8,78,4.7,37
Hamilton,CA,43.26,-79.87,69.8,45,16.11,75
Port Elizabeth,US,39.31,-74.98,84.2,54,9.17,75
Erenhot,CN,43.65,111.97,62.21,38,9.19,0
Micheweni,TZ,-4.97,39.83,78.95,78,20.54,60
East London,ZA,-33.02,27.91,65.99,25,6.87,0
Zaplavnoye,RU,48.7,45.02,41.0,42,3.47,0
Rincon,PA,8.46,-82.28,84.2,74,8.05,40
Saint-Philippe,CA,45.36,-73.48,64.0,93,3.36,1
Kahului,US,20.89,-156.47,87.8,52,19.46,20
Sahuaripa,MX,29.05,-109.23,87.05,36,5.5,0
Vaini,IN,15.34,74.49,74.34,95,3.11,100
Tashtyp,RU,52.8,89.89,28.53,95,1.23,58
Kieta,PG,-6.22,155.63,80.82,79,4.14,0
Revelstoke,CA,50.99,-118.19,59.0,47,17.22,90
Santiago,PH,16.69,121.54,71.32,97,0.85,65
Victoria,BN,5.28,115.24,80.6,88,1.12,75
Gandajika,CD,-6.75,23.95,71.34,78,3.49,44
Bontang,ID,0.12,117.47,72.94,97,0.56,43
Tynda,RU,55.15,124.74,39.8,94,3.76,100
Bechem,GH,7.09,-2.02,74.07,88,1.86,44
Sur,OM,22.57,59.53,82.84,63,7.0,79
Sungaipenuh,ID,-2.08,101.38,70.13,94,1.45,58
Mount Isa,AU,-20.73,139.49,73.4,31,13.87,0
Kiunga,PG,-6.12,141.3,72.24,98,2.39,90
Tiksi,RU,71.64,128.87,34.83,93,2.59,100
Coquimbo,CL,-29.95,-71.34,55.4,76,11.41,75
Khislavichi,RU,54.19,32.16,39.78,75,4.85,2
Don Benito,ES,38.95,-5.86,71.01,42,4.0,0
Port Hedland,AU,-20.31,118.58,64.4,93,3.36,0
Pangnirtung,CA,66.15,-65.72,57.2,28,12.75,20
Yellowknife,CA,62.45,-114.38,37.4,64,14.99,75
Vila Velha,BR,-3.71,-38.6,80.6,69,11.41,0
Castro,CL,-42.48,-73.76,64.4,39,6.93,0
Gat,SN,14.69,-16.54,84.2,83,8.05,20
Necochea,AR,-38.55,-58.74,46.0,81,3.0,0
San Ramon de la Nueva Oran,AR,-23.13,-64.33,90.52,17,7.14,22
Lompoc,US,34.64,-120.46,81.0,82,4.7,40
Thompson,CA,55.74,-97.86,42.8,48,10.29,75
Lumby,CA,50.25,-118.97,59.0,51,16.11,40
Bismil,TR,37.85,40.66,70.0,40,2.24,0
Mahebourg,MU,-20.41,57.7,73.4,88,6.93,40
Wajima,JP,37.4,136.9,72.11,65,9.8,45
Christchurch,NZ,-43.53,172.64,55.0,76,2.24,65
Phuket,TH,7.89,98.4,77.0,88,1.12,20
Tubuala,PA,9.52,-79.03,82.4,78,10.29,40
Beeville,US,28.4,-97.75,91.0,59,11.01,30
Lugazi,UG,0.37,32.94,71.6,83,3.36,20
Souillac,FR,45.6,-0.6,64.0,88,9.17,90
Jamestown,AU,-33.21,138.6,54.43,29,8.72,21
Komsomolskiy,RU,67.55,63.78,30.39,96,5.57,95
Pevek,RU,69.7,170.27,32.53,70,9.31,33
Pacific Grove,US,36.62,-121.92,82.99,50,14.99,1
Norman Wells,CA,65.28,-126.83,41.0,81,13.87,75
Upington,ZA,-28.46,21.24,66.2,16,8.05,0
Byron Bay,AU,-28.65,153.62,66.99,77,9.17,90
Quelimane,MZ,-17.88,36.89,66.2,88,8.05,40
Lesozavodsk,RU,45.47,133.42,48.91,81,2.71,0
Babu,CN,23.23,104.89,50.65,89,3.18,0
Ancud,CL,-41.87,-73.83,64.4,39,6.93,0
Carnarvon,ZA,-30.97,22.13,56.13,20,3.85,0
Tigil,RU,57.8,158.67,40.59,90,16.62,100
Livermore,US,37.68,-121.77,89.01,39,8.05,1
Chicama,PE,-7.84,-79.15,62.6,82,14.99,75
Constitucion,MX,23.99,-104.67,75.99,35,4.7,75
Gouyave,GD,12.16,-61.73,87.8,70,8.05,20
Kruisfontein,ZA,-34.0,24.73,63.88,23,5.03,0
Sabha,LY,27.03,14.43,87.84,14,6.82,89
Smolyaninovo,RU,43.29,132.46,55.4,100,2.24,90
Sao Filipe,CV,14.9,-24.5,77.83,83,15.95,0
Saint-Joseph,FR,43.56,6.97,69.8,93,2.24,0
Kargil,PK,34.56,76.13,47.18,62,8.03,0
Srednekolymsk,RU,67.46,153.71,26.57,81,6.08,100
Gracac,RS,43.65,20.83,50.0,100,3.44,0
Cabedelo,BR,-6.97,-34.84,75.2,83,8.05,0
Kodiak,US,39.95,-94.76,77.0,46,11.41,1
Luderitz,NA,-26.65,15.16,73.4,38,5.82,100
Lishui,CN,28.45,119.91,56.95,89,0.43,0
Normandin,CA,48.84,-72.53,55.4,93,6.93,75
Socorro,US,31.65,-106.3,91.4,18,12.75,1
Ustka,PL,54.58,16.86,56.56,83,8.63,6
Kulachi,PK,31.93,70.46,80.1,41,2.46,0
Broken Hill,AU,-31.97,141.45,53.6,30,5.82,93
Narsaq,GL,60.91,-46.05,46.4,52,5.82,3
Hokitika,NZ,-42.72,170.96,51.97,76,12.88,97
Boueni,YT,-12.9,45.08,77.0,83,19.46,75
Nuuk,GL,64.17,-51.74,48.2,34,4.7,5
Margate,AU,-43.03,147.26,60.01,58,4.83,75
Bredasdorp,ZA,-34.53,20.04,64.99,66,1.92,0
Sola,TZ,-3.17,33.8,72.72,52,6.24,41
Durban,CA,51.93,-101.44,51.01,41,2.77,100
Moa,CU,20.66,-74.95,78.12,89,2.98,100
Cidreira,BR,-30.17,-50.22,66.66,76,6.06,0
Turukhansk,RU,65.8,87.96,33.03,97,10.6,100
Chokurdakh,RU,70.62,147.9,23.94,94,11.21,62
Los Llanos de Aridane,ES,28.66,-17.92,73.4,83,8.05,90
Grand Gaube,MU,-20.01,57.66,73.4,88,6.93,40
Kaitangata,NZ,-46.28,169.85,55.0,57,18.01,86
Mackay,CA,53.65,-115.58,42.8,75,17.22,90
Chotila,IN,22.42,71.2,77.73,93,2.44,100
Lata,IN,30.78,78.62,36.6,92,2.06,22
Svetlogorsk,RU,53.14,59.15,32.0,77,6.71,40
Inuvik,CA,68.36,-133.71,39.2,80,10.29,75
Palmer,AU,-34.85,139.16,61.0,38,5.82,0
Adolfo Lopez Mateos,MX,26.8,-109.39,96.01,47,8.01,0
Nantucket,US,41.28,-70.1,71.6,83,12.75,1
Tocopilla,CL,-22.09,-70.2,57.24,79,6.64,13
Nuevo Laredo,US,27.49,-99.5,98.6,30,10.29,1
Comodoro Rivadavia,AR,-45.87,-67.48,59.0,51,16.11,0
Castlegar,CA,49.32,-117.66,60.01,79,9.55,73
Hirara,JP,24.8,125.28,78.8,100,12.75,75
Ampanihy,MG,-24.69,44.75,66.6,78,15.05,86
Mina,PH,10.93,122.57,73.1,90,3.13,2
Eureka,US,40.8,-124.16,66.99,68,16.11,20
Tandil,AR,-37.33,-59.14,63.0,38,5.99,0
Aripuana,BR,-9.17,-60.63,86.15,54,0.58,93
Grindavik,IS,63.84,-22.43,59.0,87,4.7,75
Digras,IN,20.1,77.72,74.45,89,9.06,100
Conceicao da Barra,BR,-18.59,-39.73,74.72,75,6.35,58
Nome,US,30.04,-94.42,93.0,43,3.36,75
Padang,ID,-0.92,100.36,78.3,84,9.84,100
Cap Malheureux,MU,-19.98,57.61,73.4,88,6.93,40
Delta del Tigre,UY,-34.76,-56.41,62.6,72,6.93,0
Prince George,CA,53.92,-122.75,51.01,57,9.17,75
Bilma,NE,18.69,12.92,91.08,12,4.72,0
Yeppoon,AU,-23.13,150.74,68.0,68,8.05,16
Kendari,ID,-3.99,122.52,68.53,97,1.77,0
Pinawa,CA,50.15,-95.88,53.62,52,7.34,95
Ouango,CD,4.31,22.55,68.51,99,1.28,78
Riyadh,SA,24.63,46.72,84.2,37,2.24,0
Yulara,AU,-25.24,130.99,55.4,50,3.36,2
Labe,NG,7.7,8.47,74.97,95,0.76,65
Mehran,IR,33.12,46.17,75.2,23,6.93,0
Rocha,UY,-34.48,-54.34,57.21,73,6.33,0
Sarangani,PH,5.4,125.46,82.01,69,1.57,19
Acapulco,MX,16.86,-99.88,87.8,70,8.05,40
Ciudad Real,ES,38.99,-3.93,71.01,59,4.07,0
Werda,BW,-25.27,23.28,56.13,15,9.06,0
Horki,BY,54.29,30.98,40.61,76,5.28,0
Lafiagi,NG,8.85,5.42,77.11,89,2.75,24
Hofn,IS,64.25,-15.21,40.45,98,8.52,100
Tagusao,PH,9.19,117.81,79.76,79,3.47,0
Namatanai,PG,-3.66,152.44,79.71,78,8.46,53
La Ronge,CA,55.1,-105.3,50.0,46,12.75,75
Plaster Rock,CA,46.91,-67.4,64.4,77,8.05,90
Puerto Escondido,MX,15.86,-97.07,87.8,70,5.82,75
Vanimo,PG,-2.67,141.3,80.97,78,6.64,44
Hudson Bay,CA,52.86,-102.4,49.34,42,6.33,100
Breves,BR,-1.68,-50.48,86.76,55,5.19,92
Boyolangu,ID,-8.09,111.9,67.16,92,5.82,99
Young,UY,-32.7,-57.63,75.99,43,1.99,6
Aklavik,CA,68.22,-135.01,39.2,60,6.93,75
Jian,IN,25.65,87.89,73.03,94,3.6,100
Verkhnyaya Inta,RU,65.99,60.32,33.32,97,2.95,100
Fortuna,ES,38.18,-1.13,73.99,94,2.24,20
San Vicente,EC,-0.59,-80.41,78.8,74,9.17,75
Horadiz,AZ,39.45,47.33,66.2,82,11.41,0
Nhulunbuy,AU,-12.18,136.78,73.4,88,4.7,13
Pacocha,EC,-1.05,-80.87,78.8,74,9.17,75
Luanda,AO,-8.83,13.24,73.4,94,5.82,20
Jiujiang,CN,29.73,115.99,63.94,61,0.43,100
Alvand,IR,36.19,50.06,58.79,35,1.14,0
Longyearbyen,NO,78.22,15.63,41.0,80,11.41,75
Pamanukan,ID,-6.28,107.82,72.34,75,3.15,77
Rio Gallegos,AR,-51.62,-69.22,55.4,30,3.36,0
Ribeira Grande,PT,38.52,-28.7,72.54,88,10.22,0
Angoram,PG,-4.06,144.07,73.93,97,1.92,97
Santona,ES,43.44,-3.46,66.2,87,2.35,75
Kadugannawa,LK,7.26,80.52,70.24,92,2.06,91
Potosi,BO,-19.59,-65.75,49.88,36,14.29,60
San Quintin,PH,17.54,120.52,73.6,88,2.98,0
Sechura,PE,-5.56,-80.82,62.28,94,19.55,70
Port Lincoln,AU,-34.72,135.86,56.38,83,20.6,4
Kalianget,ID,-7.35,109.91,77.0,88,1.19,40
Martinez,US,38.01,-122.13,84.0,53,13.87,1
Pascagoula,US,30.37,-88.56,95.0,66,6.93,1
Tateyama,JP,36.66,137.31,71.01,93,2.24,20
Tuatapere,NZ,-46.13,167.69,50.0,92,10.0,97
Ubinskoye,RU,55.31,79.68,34.08,62,7.96,73
Xichang,CN,27.88,102.25,45.87,94,2.19,99
Lagoa,PT,37.14,-8.45,70.0,77,8.05,0
Chapais,CA,49.78,-74.86,50.0,81,14.99,75
Leningradskiy,RU,69.38,178.42,27.74,77,14.47,99
Thunder Bay,CA,48.41,-89.26,61.0,55,13.87,75
Butembo,CD,0.12,29.29,62.8,97,1.81,100
Isangel,VU,-19.55,169.27,73.4,73,6.93,75
Nurlat,RU,54.43,50.8,34.42,85,6.82,55
Fuerte Olimpo,BR,-21.04,-57.87,92.02,26,6.46,67
Novoagansk,RU,61.94,76.66,34.63,94,11.56,100
Parintins,BR,-2.63,-56.73,79.08,75,5.75,100
Lityn,UA,49.32,28.09,52.35,94,1.68,40
Port-Gentil,GA,-0.72,8.78,78.8,88,9.17,75
Klaksvik,FO,62.23,-6.59,53.6,87,26.4,100
Faya,SA,18.39,42.45,69.8,43,6.93,0
Shelburne,CA,44.08,-80.2,64.99,45,14.99,20
Corning,US,42.14,-77.05,69.01,55,8.05,1
Prainha,BR,-1.8,-53.48,86.96,55,4.12,69
Katsuura,JP,33.93,134.5,75.2,94,3.36,75
Deputatskiy,RU,69.3,139.9,18.63,92,4.41,100
Taoudenni,ML,22.68,-3.98,98.01,9,5.61,2
Tucupita,VE,9.06,-62.05,90.02,57,4.81,13
Ornskoldsvik,SE,63.29,18.72,39.2,100,3.36,21
Avera,US,33.19,-82.53,98.6,36,4.7,75
Talnakh,RU,69.49,88.39,32.0,87,6.71,40
Chifeng,CN,42.27,118.96,55.1,41,6.24,0
Nanga Eboko,CM,4.68,12.37,68.44,98,2.86,78
Port Hardy,CA,50.7,-127.42,57.2,67,14.99,20
Puerto Baquerizo Moreno,EC,-0.9,-89.6,71.6,78,9.17,75
Vir,BA,43.52,17.21,62.6,88,3.36,0
Boyuibe,BO,-20.43,-63.28,87.8,25,5.82,96
Batemans Bay,AU,-35.71,150.18,55.99,74,5.01,0
Buraydah,SA,26.33,43.97,84.2,23,6.93,0
Moron,HT,18.56,-74.26,83.72,75,15.12,68
Carnduff,CA,49.17,-101.8,48.0,95,5.99,100
Paredon,BO,-18.93,-65.16,64.4,39,13.87,20
Panaba,MX,21.28,-88.27,85.54,70,11.59,100
North Port,US,27.04,-82.24,91.4,66,10.29,20
Juneau,US,58.3,-134.42,50.0,81,10.29,75
Walvis Bay,NA,-22.95,14.51,57.2,93,6.93,40
Upernavik,GL,72.79,-56.15,38.95,57,5.7,100
Beringovskiy,RU,63.05,179.32,44.17,93,4.65,81
Suntar,RU,62.16,117.65,32.06,89,1.86,57
Ilam,IR,33.64,46.42,75.2,23,6.93,0
Simbahan,PH,6.3,120.58,82.95,68,2.84,0
Vung Tau,VN,10.35,107.08,77.78,87,5.59,100
Egvekinot,RU,66.32,-179.17,26.82,94,8.14,100
Yola,NG,9.26,12.45,74.43,92,3.18,100
Kupang,ID,-10.16,123.6,75.08,76,9.04,0
Arman,RU,59.7,150.17,27.0,60,8.19,0
Kathmandu,NP,27.71,85.32,66.2,100,3.36,75
Minas,UY,-34.38,-55.24,59.0,77,11.41,0
Oriximina,BR,-1.77,-55.87,91.89,50,2.64,0
Inongo,CD,-1.93,18.29,72.07,93,3.69,79
Weiser,US,44.25,-116.97,79.0,24,3.8,1
Wichian Buri,TH,15.66,101.11,73.44,88,2.62,55
Bosaso,SO,11.28,49.18,84.78,83,10.02,29
Labuhan,ID,-2.54,115.51,70.8,95,1.34,100
Sobolevo,RU,54.43,31.9,39.8,76,4.09,2
Pulawy,PL,51.42,21.97,60.01,100,5.82,90
Weligama,LK,5.97,80.42,81.81,75,8.48,100
Nakhon Thai,TH,17.1,100.84,72.06,90,3.0,96
Tabuk,PH,17.41,121.44,64.98,97,4.12,53
College,US,64.86,-147.8,42.01,86,5.82,75
Wilmington Island,US,32.0,-80.97,91.0,74,6.93,1
Springdale,US,36.19,-94.13,78.01,73,6.93,75
Okhotsk,RU,59.36,143.24,34.83,47,7.25,100
Adrar,DZ,27.87,-0.29,93.2,8,6.93,20
Vanavara,RU,60.35,102.28,32.78,79,2.33,96
Nioro,GM,13.79,-15.05,82.95,68,8.41,67
Tapes,BR,-30.67,-51.4,65.68,68,4.97,0
Muros,ES,42.77,-9.06,66.0,93,3.36,75
Druzhba,UA,49.36,25.65,57.0,69,3.0,88
Manokwari,ID,-0.87,134.08,72.67,76,5.08,98
Carmaux,FR,44.05,2.16,59.0,93,3.85,0
Ostrovnoy,RU,68.05,39.51,37.6,90,11.95,83
Saint-Pierre,FR,48.95,4.24,64.4,82,18.34,0
Ouangani,YT,-12.85,45.14,77.0,83,19.46,75
Torbay,CA,47.66,-52.73,53.01,100,16.11,90
Valparai,IN,10.33,76.96,77.0,94,1.83,75
Viedma,AR,-40.81,-62.99,53.8,54,16.8,67
Tongzhou,CN,32.07,121.07,71.01,80,3.62,100
Agua Prieta,MX,31.32,-109.55,79.0,39,13.87,20
Virginia Beach,US,36.85,-75.98,90.0,55,5.82,1
Matara,BI,-3.48,29.48,53.86,86,1.81,68
Itarema,BR,-2.92,-39.92,78.01,71,12.08,0
Correntina,BR,-13.34,-44.63,84.33,23,4.7,76
Broome,GB,52.47,1.45,60.01,87,9.17,29
Pemba,MZ,-12.97,40.52,74.99,65,20.71,99
Ayan,IR,38.23,44.7,50.53,39,4.18,0
Kilindoni,TZ,-7.91,39.67,78.99,76,23.69,0
Aktau,KZ,43.65,51.16,55.4,66,17.9,40
Maputo,MZ,-25.97,32.57,59.0,72,5.82,0
Gazojak,TM,41.19,61.4,65.09,24,5.93,0
Vangaindrano,MG,-23.35,47.6,63.94,97,3.8,5
Pangody,RU,65.85,74.49,31.7,95,10.16,92
San Cristobal,HN,14.68,-86.92,79.0,78,5.57,81
Sao Joao da Barra,BR,-21.64,-41.05,68.0,94,1.74,90
Santa Lucia,IT,41.98,12.66,69.8,82,3.36,0
Balky,UA,50.15,25.26,55.0,10,2.24,100
Faanui,PF,-16.48,-151.75,79.72,78,18.19,76
Ambilobe,MG,-13.19,49.05,67.21,79,3.87,0
Gamba,CN,28.28,88.52,37.55,63,3.04,100
Inhambane,MZ,-23.87,35.38,60.55,76,5.91,34
Kitgum,UG,3.3,32.88,68.64,92,2.42,100
Wanning,AT,48.64,13.53,60.01,87,3.36,75
Yokadouma,CM,3.52,15.05,71.08,93,1.41,100
Lima,PE,-12.06,-77.04,64.4,77,9.17,75
Umm Lajj,SA,25.02,37.27,85.12,59,10.33,0
Forbes,AU,-33.38,148.01,48.01,80,2.35,2
Whakatane,NZ,-37.96,176.99,57.99,65,5.01,33
Wum,CM,6.39,10.08,68.02,96,2.71,100
Xianyang,CN,34.31,108.72,64.99,93,2.24,0
Xai-Xai,MZ,-25.04,33.64,59.29,76,5.23,0
Horsham,AU,-36.71,142.2,46.32,76,6.64,99
Sijunjung,ID,-0.69,100.95,65.67,91,1.41,82
Imphal,IN,24.8,93.94,64.55,98,2.82,6
Gorontalo,ID,0.54,123.06,71.5,94,1.63,81
Ceres,BR,-15.31,-49.6,69.16,87,14.12,49
Poso,ID,-1.4,120.75,60.05,96,3.24,43
Shingu,JP,33.72,135.99,63.92,97,4.61,26
Hualmay,PE,-11.1,-77.61,61.49,91,10.56,22
Mitsamiouli,KM,-11.38,43.28,77.24,76,25.46,0
Ust-Tsilma,RU,65.44,52.15,36.85,91,6.31,100
Puerto Madero,AR,-34.61,-58.36,73.4,68,21.92,0
Marsh Harbour,BS,26.54,-77.06,79.62,66,10.51,100
Morganton,US,35.75,-81.69,91.0,38,8.05,1
Fort Nelson,CA,58.81,-122.69,35.6,93,9.17,90
Tucuman,PE,-17.17,-70.89,68.4,26,9.17,0
Rumoi,JP,43.93,141.67,48.2,100,1.12,90
Mayor Pablo Lagerenza,PY,-19.93,-60.77,93.1,20,8.37,45
Meulaboh,ID,4.14,96.13,79.74,85,9.42,97
Berlevag,NO,70.86,29.09,44.6,100,9.17,75
Mecca,SA,21.43,39.83,82.23,47,4.74,89
Kursk,RU,51.74,36.18,45.0,89,6.33,100
Rapid Valley,US,44.06,-103.15,84.2,26,8.05,1
Pyaozerskiy,RU,65.83,31.17,44.88,90,6.24,100
Fukue,JP,35.03,136.69,75.2,69,5.82,75
Satuk,TR,41.23,32.38,62.79,84,5.75,33
Owando,CG,-0.49,15.91,72.45,94,1.59,25
Marsa Matruh,EG,31.35,27.25,75.2,78,4.7,20
Superior,US,47.19,-114.89,55.99,100,5.82,90
Istok,PL,52.66,23.48,48.99,82,4.25,35
Vostok,RU,46.45,135.83,41.8,73,4.03,0
Pital,CO,2.27,-75.81,70.76,59,4.52,40
Bara,NG,10.41,10.6,75.53,76,3.51,100
Karratha,AU,-20.74,116.85,61.18,43,7.43,0
Nsanje,MZ,-16.92,35.26,61.85,75,5.23,0
Najran,SA,17.54,44.22,80.6,34,6.93,0
Davila,PH,18.47,120.58,82.03,82,20.87,56
Kalemie,CD,-5.95,29.2,70.13,51,1.9,16
Xinzhou,CN,38.41,112.73,53.89,56,1.54,0
Touros,BR,-5.2,-35.46,77.0,73,9.17,20
Yerkoy,TR,39.64,34.47,59.28,55,2.89,0
Olbia,IT,40.92,9.49,69.8,77,11.41,0
Chillicothe,US,39.33,-82.98,80.01,22,11.41,1
Chupa,PE,-15.11,-69.99,64.4,18,11.41,0
Sibolga,ID,1.74,98.78,80.73,82,12.5,95
Abbeville,FR,50.11,1.83,57.99,93,10.29,0
Mahon,IE,51.89,-8.4,53.6,93,12.75,40
Troitsko-Pechorsk,RU,62.71,56.19,34.62,97,4.68,100
Puerto Leguizamo,CO,-0.19,-74.78,91.57,46,2.82,79
Kondinskoye,RU,59.65,67.41,31.3,92,10.22,44
Pisco,PE,-13.71,-76.2,71.6,30,11.41,20
Menomonie,US,44.88,-91.92,70.0,19,5.82,1
Coihaique,CL,-45.58,-72.07,64.4,39,6.93,0
Banda Aceh,ID,5.56,95.32,82.57,76,9.53,19
Lahad Datu,MY,5.02,118.33,70.67,95,1.1,0
Kirakira,SB,-10.46,161.92,79.96,80,6.82,91
Agadez,NE,16.97,7.99,91.4,17,3.4,1
Pombas,BR,-15.9,-54.74,79.29,69,4.23,95
Denpasar,ID,-8.65,115.22,77.0,94,5.82,75
Bubaque,GW,11.28,-15.83,82.08,77,7.9,30
Dudestii Vechi,RO,46.05,20.48,57.0,100,3.36,0
Warrensburg,US,38.76,-93.74,78.01,41,10.29,1
Flin Flon,CA,54.77,-101.88,44.6,70,11.41,75
Srandakan,ID,-7.94,110.25,75.42,87,11.25,100
Jijiga,ET,9.35,42.8,61.67,86,7.25,93
Buala,SB,-8.15,159.59,81.47,76,6.98,49
Sisimiut,GL,66.94,-53.67,43.42,64,11.79,0
Kenai,US,60.55,-151.26,50.0,53,4.7,1
Toamasina,MG,-18.17,49.38,68.0,94,1.7,40
Huarmey,PE,-10.07,-78.15,61.51,93,11.79,53
Salekhard,RU,66.54,66.62,30.6,86,6.78,47
Evanston,US,42.04,-87.69,73.99,35,8.05,1
Naze,NG,5.43,7.07,77.0,94,5.57,75
Carballo,ES,43.21,-8.69,66.99,82,14.99,75
Sabzevar,IR,36.21,57.68,68.96,11,7.99,0
Burns Lake,CA,54.23,-125.76,46.68,50,8.72,0
Rome,IT,41.89,12.48,69.8,82,3.36,0
Chernyakhovsk,RU,54.64,21.81,48.24,91,5.88,0
Sept-Iles,CA,50.2,-66.38,46.99,100,10.29,90
Misratah,LY,32.38,15.09,77.83,74,9.84,0
Terrace,CA,54.52,-128.61,48.2,93,12.75,75
Dudinka,RU,69.41,86.18,32.0,96,6.71,40
Launceston,AU,-41.43,147.14,52.0,87,13.87,90
Huai Thalaeng,TH,15.0,102.65,71.37,83,7.05,17
Ust-Kuyga,RU,70.0,135.55,27.72,96,2.84,100
Grants,US,35.15,-107.85,77.0,23,3.36,75
Kohila,EE,59.17,24.75,42.8,93,2.24,0
Vila Franca do Campo,PT,37.72,-25.43,71.6,94,5.82,75
Sandpoint,US,48.28,-116.55,66.0,63,6.93,75
Loknya,RU,54.21,39.24,39.0,74,1.01,33
Canutama,BR,-6.53,-64.38,93.19,42,2.59,50
Tanout,NE,14.97,8.88,97.67,14,7.67,72
Kerema,PG,-7.96,145.78,78.45,86,16.2,96
Ler,NO,63.2,10.3,52.0,57,9.17,0
Yichang,CN,30.77,111.32,57.96,72,4.5,0
Lugovoy,RU,59.72,65.88,30.49,88,8.97,56
Buckingham,GB,52.0,-0.98,57.99,87,10.29,20
Pabrade,LT,55.0,25.78,46.4,81,1.12,0
Bodden Town,KY,19.28,-81.25,87.8,74,9.17,20
Nemuro,JP,43.32,145.57,59.1,65,7.2,0
Mogadishu,SO,2.04,45.34,77.98,78,16.06,100
Moose Factory,CA,51.26,-80.61,53.6,62,12.75,75
Alekseyevsk,RU,57.84,108.35,43.11,92,5.99,100
Hyeres,FR,43.12,6.14,71.6,68,3.36,0
Moranbah,AU,-22.0,148.04,61.85,89,8.68,38
Borovoy,RU,63.23,52.89,35.01,96,7.14,100
Loikaw,MM,19.67,97.21,62.52,99,2.26,98
Sabang,PH,13.8,121.11,77.0,95,2.33,0
Aswan,EG,24.09,32.9,82.4,7,5.82,0
Wana,PK,32.31,69.59,60.03,74,1.34,0
Anderson,US,34.51,-82.65,93.99,41,9.17,1
North Bend,US,43.41,-124.22,78.01,77,11.41,75
Primorsko-Akhtarsk,RU,46.05,38.18,55.26,90,11.95,65
Krasnyy Chikoy,RU,50.36,108.75,47.59,95,3.11,22
Axim,GH,4.87,-2.24,77.04,91,10.33,22
Makueni,KE,-1.8,37.62,63.69,79,6.08,95
Makakilo City,US,21.35,-158.09,87.8,74,9.17,1
Adre,TD,13.47,22.2,78.55,64,17.69,100
Abasolo,MX,20.45,-101.53,82.4,45,7.47,75
Lake City,US,38.03,-107.32,73.99,42,11.41,75
Havoysund,NO,71.0,24.66,46.4,93,11.41,75
